{
  "Restaurant Search" : {
    "transaction" : "Restaurant Search",
    "sampleCount" : 500,
    "errorCount" : 0,
    "errorPct" : 0.0,
    "meanResTime" : 3.791999999999996,
    "medianResTime" : 3.0,
    "minResTime" : 2.0,
    "maxResTime" : 54.0,
    "pct1ResTime" : 5.0,
    "pct2ResTime" : 6.0,
    "pct3ResTime" : 13.990000000000009,
    "throughput" : 4.011038377615197,
    "receivedKBytesPerSec" : 19.134689916650622,
    "sentKBytesPerSec" : 1.6647376078969323
  },
  "Total" : {
    "transaction" : "Total",
    "sampleCount" : 1500,
    "errorCount" : 400,
    "errorPct" : 26.666666,
    "meanResTime" : 66.71666666666657,
    "medianResTime" : 4.0,
    "minResTime" : 2.0,
    "maxResTime" : 624.0,
    "pct1ResTime" : 191.0,
    "pct2ResTime" : 196.95000000000005,
    "pct3ResTime" : 228.98000000000002,
    "throughput" : 12.011050166152861,
    "receivedKBytesPerSec" : 21.540911388477397,
    "sentKBytesPerSec" : 4.788718120671017
  },
  "Create Review (Kafka Flow)" : {
    "transaction" : "Create Review (Kafka Flow)",
    "sampleCount" : 500,
    "errorCount" : 400,
    "errorPct" : 80.0,
    "meanResTime" : 4.2499999999999964,
    "medianResTime" : 4.0,
    "minResTime" : 2.0,
    "maxResTime" : 46.0,
    "pct1ResTime" : 6.0,
    "pct2ResTime" : 7.0,
    "pct3ResTime" : 24.8900000000001,
    "throughput" : 4.011070554731058,
    "receivedKBytesPerSec" : 0.9181591191689061,
    "sentKBytesPerSec" : 2.0125233143475993
  },
  "User Login" : {
    "transaction" : "User Login",
    "sampleCount" : 500,
    "errorCount" : 0,
    "errorPct" : 0.0,
    "meanResTime" : 192.108,
    "medianResTime" : 187.0,
    "minResTime" : 178.0,
    "maxResTime" : 624.0,
    "pct1ResTime" : 201.0,
    "pct2ResTime" : 213.0,
    "pct3ResTime" : 286.93000000000006,
    "throughput" : 4.003971940164644,
    "receivedKBytesPerSec" : 1.5249502506486434,
    "sentKBytesPerSec" : 1.1182968504756718
  }
}