{
  "Restaurant Search" : {
    "transaction" : "Restaurant Search",
    "sampleCount" : 500,
    "errorCount" : 0,
    "errorPct" : 0.0,
    "meanResTime" : 325.5700000000002,
    "medianResTime" : 305.0,
    "minResTime" : 38.0,
    "maxResTime" : 596.0,
    "pct1ResTime" : 516.8000000000001,
    "pct2ResTime" : 540.0,
    "pct3ResTime" : 583.96,
    "throughput" : 2.770205881701128,
    "receivedKBytesPerSec" : 14.351506057055161,
    "sentKBytesPerSec" : 1.152448931254571
  },
  "Total" : {
    "transaction" : "Total",
    "sampleCount" : 1500,
    "errorCount" : 427,
    "errorPct" : 28.466667,
    "meanResTime" : 18438.455999999966,
    "medianResTime" : 337.0,
    "minResTime" : 14.0,
    "maxResTime" : 91207.0,
    "pct1ResTime" : 66803.90000000001,
    "pct2ResTime" : 74340.0,
    "pct3ResTime" : 87809.52,
    "throughput" : 8.066207430590284,
    "receivedKBytesPerSec" : 15.536040655029817,
    "sentKBytesPerSec" : 3.2238152421744344
  },
  "Create Review (Kafka Flow)" : {
    "transaction" : "Create Review (Kafka Flow)",
    "sampleCount" : 500,
    "errorCount" : 427,
    "errorPct" : 85.4,
    "meanResTime" : 234.73399999999992,
    "medianResTime" : 238.0,
    "minResTime" : 14.0,
    "maxResTime" : 425.0,
    "pct1ResTime" : 339.90000000000003,
    "pct2ResTime" : 390.9,
    "pct3ResTime" : 414.99,
    "throughput" : 2.7672315508672503,
    "receivedKBytesPerSec" : 0.599581248685565,
    "sentKBytesPerSec" : 1.3911391862125455
  },
  "User Login" : {
    "transaction" : "User Login",
    "sampleCount" : 500,
    "errorCount" : 0,
    "errorPct" : 0.0,
    "meanResTime" : 54755.06399999998,
    "medianResTime" : 58068.5,
    "minResTime" : 4995.0,
    "maxResTime" : 91207.0,
    "pct1ResTime" : 79063.90000000001,
    "pct2ResTime" : 85316.95,
    "pct3ResTime" : 90309.51000000001,
    "throughput" : 2.697977595994043,
    "receivedKBytesPerSec" : 1.0275500609742936,
    "sentKBytesPerSec" : 0.7561714551272366
  }
}