{
  "Restaurant Search" : {
    "transaction" : "Restaurant Search",
    "sampleCount" : 300,
    "errorCount" : 0,
    "errorPct" : 0.0,
    "meanResTime" : 668.5899999999998,
    "medianResTime" : 743.0,
    "minResTime" : 89.0,
    "maxResTime" : 1074.0,
    "pct1ResTime" : 977.9000000000001,
    "pct2ResTime" : 1041.85,
    "pct3ResTime" : 1066.97,
    "throughput" : 2.4401750418896717,
    "receivedKBytesPerSec" : 12.641727145727254,
    "sentKBytesPerSec" : 1.015150945161133
  },
  "Total" : {
    "transaction" : "Total",
    "sampleCount" : 900,
    "errorCount" : 200,
    "errorPct" : 22.222221,
    "meanResTime" : 20751.64666666665,
    "medianResTime" : 963.0,
    "minResTime" : 9.0,
    "maxResTime" : 95274.0,
    "pct1ResTime" : 73062.29999999999,
    "pct2ResTime" : 84254.59999999999,
    "pct3ResTime" : 93276.56,
    "throughput" : 6.767782348119684,
    "receivedKBytesPerSec" : 13.130937084063376,
    "sentKBytesPerSec" : 2.7045573964341307
  },
  "Create Review (Kafka Flow)" : {
    "transaction" : "Create Review (Kafka Flow)",
    "sampleCount" : 300,
    "errorCount" : 200,
    "errorPct" : 66.666664,
    "meanResTime" : 594.6933333333333,
    "medianResTime" : 382.0,
    "minResTime" : 9.0,
    "maxResTime" : 1307.0,
    "pct1ResTime" : 1168.0,
    "pct2ResTime" : 1196.6499999999999,
    "pct3ResTime" : 1283.8500000000001,
    "throughput" : 2.425006668768339,
    "receivedKBytesPerSec" : 0.6283545925584628,
    "sentKBytesPerSec" : 1.218755304702088
  },
  "User Login" : {
    "transaction" : "User Login",
    "sampleCount" : 300,
    "errorCount" : 0,
    "errorPct" : 0.0,
    "meanResTime" : 60991.656666666684,
    "medianResTime" : 61569.5,
    "minResTime" : 8609.0,
    "maxResTime" : 95274.0,
    "pct1ResTime" : 88022.3,
    "pct2ResTime" : 91771.55,
    "pct3ResTime" : 94657.61,
    "throughput" : 2.2925263640531863,
    "receivedKBytesPerSec" : 0.873130158184319,
    "sentKBytesPerSec" : 0.642534244612563
  }
}