{
  "Restaurant Search" : {
    "transaction" : "Restaurant Search",
    "sampleCount" : 300,
    "errorCount" : 0,
    "errorPct" : 0.0,
    "meanResTime" : 3.696666666666668,
    "medianResTime" : 3.0,
    "minResTime" : 2.0,
    "maxResTime" : 28.0,
    "pct1ResTime" : 5.0,
    "pct2ResTime" : 6.0,
    "pct3ResTime" : 13.0,
    "throughput" : 4.024252830391157,
    "receivedKBytesPerSec" : 19.197729566856253,
    "sentKBytesPerSec" : 1.6702221219885174
  },
  "Total" : {
    "transaction" : "Total",
    "sampleCount" : 900,
    "errorCount" : 200,
    "errorPct" : 22.222221,
    "meanResTime" : 67.09333333333338,
    "medianResTime" : 4.0,
    "minResTime" : 2.0,
    "maxResTime" : 284.0,
    "pct1ResTime" : 194.0,
    "pct2ResTime" : 198.0,
    "pct3ResTime" : 218.0,
    "throughput" : 12.032085561497325,
    "receivedKBytesPerSec" : 21.699793198529413,
    "sentKBytesPerSec" : 4.79654077540107
  },
  "Create Review (Kafka Flow)" : {
    "transaction" : "Create Review (Kafka Flow)",
    "sampleCount" : 300,
    "errorCount" : 200,
    "errorPct" : 66.666664,
    "meanResTime" : 4.180000000000002,
    "medianResTime" : 4.0,
    "minResTime" : 2.0,
    "maxResTime" : 28.0,
    "pct1ResTime" : 6.0,
    "pct2ResTime" : 6.949999999999989,
    "pct3ResTime" : 12.970000000000027,
    "throughput" : 4.024684733029247,
    "receivedKBytesPerSec" : 1.042854507646901,
    "sentKBytesPerSec" : 2.018788150657365
  },
  "User Login" : {
    "transaction" : "User Login",
    "sampleCount" : 300,
    "errorCount" : 0,
    "errorPct" : 0.0,
    "meanResTime" : 193.40333333333328,
    "medianResTime" : 191.0,
    "minResTime" : 182.0,
    "maxResTime" : 284.0,
    "pct1ResTime" : 200.0,
    "pct2ResTime" : 207.0,
    "pct3ResTime" : 235.97000000000003,
    "throughput" : 4.0112850820307795,
    "receivedKBytesPerSec" : 1.5277355292890666,
    "sentKBytesPerSec" : 1.1203393881453154
  }
}