{
  "Restaurant Search" : {
    "transaction" : "Restaurant Search",
    "sampleCount" : 400,
    "errorCount" : 0,
    "errorPct" : 0.0,
    "meanResTime" : 362.40250000000003,
    "medianResTime" : 405.5,
    "minResTime" : 10.0,
    "maxResTime" : 562.0,
    "pct1ResTime" : 512.9000000000001,
    "pct2ResTime" : 553.95,
    "pct3ResTime" : 559.98,
    "throughput" : 2.7609246336598128,
    "receivedKBytesPerSec" : 14.30342302887237,
    "sentKBytesPerSec" : 1.148587787049883
  },
  "Total" : {
    "transaction" : "Total",
    "sampleCount" : 1200,
    "errorCount" : 300,
    "errorPct" : 25.0,
    "meanResTime" : 26779.50500000002,
    "medianResTime" : 466.0,
    "minResTime" : 10.0,
    "maxResTime" : 114634.0,
    "pct1ResTime" : 94585.00000000003,
    "pct2ResTime" : 102711.1,
    "pct3ResTime" : 111907.78,
    "throughput" : 6.791017747193046,
    "receivedKBytesPerSec" : 13.133280089867801,
    "sentKBytesPerSec" : 2.7140417378780333
  },
  "Create Review (Kafka Flow)" : {
    "transaction" : "Create Review (Kafka Flow)",
    "sampleCount" : 400,
    "errorCount" : 300,
    "errorPct" : 75.0,
    "meanResTime" : 349.68750000000006,
    "medianResTime" : 332.0,
    "minResTime" : 15.0,
    "maxResTime" : 1069.0,
    "pct1ResTime" : 514.6000000000001,
    "pct2ResTime" : 968.95,
    "pct3ResTime" : 1054.91,
    "throughput" : 2.7621066587486274,
    "receivedKBytesPerSec" : 0.6635529668478148,
    "sentKBytesPerSec" : 1.388417148884454
  },
  "User Login" : {
    "transaction" : "User Login",
    "sampleCount" : 400,
    "errorCount" : 0,
    "errorPct" : 0.0,
    "meanResTime" : 79626.42499999999,
    "medianResTime" : 85152.5,
    "minResTime" : 31266.0,
    "maxResTime" : 114634.0,
    "pct1ResTime" : 105196.3,
    "pct2ResTime" : 109890.25,
    "pct3ResTime" : 113936.38,
    "throughput" : 2.26646872839772,
    "receivedKBytesPerSec" : 0.8632058633546004,
    "sentKBytesPerSec" : 0.6352309814942829
  }
}