{
  "Restaurant Search" : {
    "transaction" : "Restaurant Search",
    "sampleCount" : 400,
    "errorCount" : 0,
    "errorPct" : 0.0,
    "meanResTime" : 3.3775000000000013,
    "medianResTime" : 3.0,
    "minResTime" : 2.0,
    "maxResTime" : 29.0,
    "pct1ResTime" : 4.0,
    "pct2ResTime" : 4.0,
    "pct3ResTime" : 9.970000000000027,
    "throughput" : 4.014008891029694,
    "receivedKBytesPerSec" : 19.148860774101614,
    "sentKBytesPerSec" : 1.6659704869996288
  },
  "Total" : {
    "transaction" : "Total",
    "sampleCount" : 1200,
    "errorCount" : 300,
    "errorPct" : 25.0,
    "meanResTime" : 65.16166666666675,
    "medianResTime" : 4.0,
    "minResTime" : 2.0,
    "maxResTime" : 257.0,
    "pct1ResTime" : 189.0,
    "pct2ResTime" : 196.0,
    "pct3ResTime" : 206.0,
    "throughput" : 12.014056446041868,
    "receivedKBytesPerSec" : 21.591668502147513,
    "sentKBytesPerSec" : 4.789705517956008
  },
  "Create Review (Kafka Flow)" : {
    "transaction" : "Create Review (Kafka Flow)",
    "sampleCount" : 400,
    "errorCount" : 300,
    "errorPct" : 75.0,
    "meanResTime" : 3.7925000000000013,
    "medianResTime" : 3.0,
    "minResTime" : 2.0,
    "maxResTime" : 42.0,
    "pct1ResTime" : 5.0,
    "pct2ResTime" : 6.0,
    "pct3ResTime" : 10.990000000000009,
    "throughput" : 4.014089453983482,
    "receivedKBytesPerSec" : 0.964322271171813,
    "sentKBytesPerSec" : 2.013826342963803
  },
  "User Login" : {
    "transaction" : "User Login",
    "sampleCount" : 400,
    "errorCount" : 0,
    "errorPct" : 0.0,
    "meanResTime" : 188.315,
    "medianResTime" : 186.0,
    "minResTime" : 179.0,
    "maxResTime" : 257.0,
    "pct1ResTime" : 197.0,
    "pct2ResTime" : 200.95,
    "pct3ResTime" : 215.98000000000002,
    "throughput" : 4.005046358411599,
    "receivedKBytesPerSec" : 1.5253594529106675,
    "sentKBytesPerSec" : 1.1185969321344895
  }
}