{
  "Restaurant Search" : {
    "transaction" : "Restaurant Search",
    "sampleCount" : 100,
    "errorCount" : 0,
    "errorPct" : 0.0,
    "meanResTime" : 3.920000000000001,
    "medianResTime" : 4.0,
    "minResTime" : 2.0,
    "maxResTime" : 12.0,
    "pct1ResTime" : 5.0,
    "pct2ResTime" : 7.949999999999989,
    "pct3ResTime" : 11.989999999999995,
    "throughput" : 4.066528404700907,
    "receivedKBytesPerSec" : 19.39543430523362,
    "sentKBytesPerSec" : 1.6877681367166848
  },
  "Total" : {
    "transaction" : "Total",
    "sampleCount" : 300,
    "errorCount" : 0,
    "errorPct" : 0.0,
    "meanResTime" : 68.07333333333335,
    "medianResTime" : 5.0,
    "minResTime" : 2.0,
    "maxResTime" : 263.0,
    "pct1ResTime" : 195.0,
    "pct2ResTime" : 200.95,
    "pct3ResTime" : 225.93000000000006,
    "throughput" : 12.076808502073185,
    "receivedKBytesPerSec" : 22.380307505736482,
    "sentKBytesPerSec" : 4.811538887323376
  },
  "Create Review (Kafka Flow)" : {
    "transaction" : "Create Review (Kafka Flow)",
    "sampleCount" : 100,
    "errorCount" : 0,
    "errorPct" : 0.0,
    "meanResTime" : 6.1499999999999995,
    "medianResTime" : 5.0,
    "minResTime" : 4.0,
    "maxResTime" : 36.0,
    "pct1ResTime" : 8.900000000000006,
    "pct2ResTime" : 14.749999999999943,
    "pct3ResTime" : 35.84999999999992,
    "throughput" : 4.067686300032541,
    "receivedKBytesPerSec" : 1.6640968211031566,
    "sentKBytesPerSec" : 2.037497711926456
  },
  "User Login" : {
    "transaction" : "User Login",
    "sampleCount" : 100,
    "errorCount" : 0,
    "errorPct" : 0.0,
    "meanResTime" : 194.15000000000006,
    "medianResTime" : 191.0,
    "minResTime" : 183.0,
    "maxResTime" : 263.0,
    "pct1ResTime" : 206.70000000000002,
    "pct2ResTime" : 212.95,
    "pct3ResTime" : 262.6899999999998,
    "throughput" : 4.0273862263391065,
    "receivedKBytesPerSec" : 1.5338678010471205,
    "sentKBytesPerSec" : 1.124836387434555
  }
}