{
  "Restaurant Search" : {
    "transaction" : "Restaurant Search",
    "sampleCount" : 100,
    "errorCount" : 0,
    "errorPct" : 0.0,
    "meanResTime" : 467.62999999999994,
    "medianResTime" : 472.0,
    "minResTime" : 336.0,
    "maxResTime" : 1076.0,
    "pct1ResTime" : 536.4000000000001,
    "pct2ResTime" : 550.3999999999999,
    "pct3ResTime" : 1075.97,
    "throughput" : 2.12965329244399,
    "receivedKBytesPerSec" : 11.033018277749381,
    "sentKBytesPerSec" : 0.8859690454893943
  },
  "Total" : {
    "transaction" : "Total",
    "sampleCount" : 300,
    "errorCount" : 0,
    "errorPct" : 0.0,
    "meanResTime" : 8367.033333333331,
    "medianResTime" : 535.0,
    "minResTime" : 195.0,
    "maxResTime" : 37969.0,
    "pct1ResTime" : 30804.60000000001,
    "pct2ResTime" : 34278.5,
    "pct3ResTime" : 37303.49,
    "throughput" : 5.920078934385791,
    "receivedKBytesPerSec" : 11.782190429205723,
    "sentKBytesPerSec" : 2.3644086087814506
  },
  "Create Review (Kafka Flow)" : {
    "transaction" : "Create Review (Kafka Flow)",
    "sampleCount" : 100,
    "errorCount" : 0,
    "errorPct" : 0.0,
    "meanResTime" : 583.7400000000002,
    "medianResTime" : 519.0,
    "minResTime" : 195.0,
    "maxResTime" : 1329.0,
    "pct1ResTime" : 1223.8,
    "pct2ResTime" : 1276.85,
    "pct3ResTime" : 1328.96,
    "throughput" : 2.154151049071561,
    "receivedKBytesPerSec" : 0.8812665600361897,
    "sentKBytesPerSec" : 1.0811145577527896
  },
  "User Login" : {
    "transaction" : "User Login",
    "sampleCount" : 100,
    "errorCount" : 0,
    "errorPct" : 0.0,
    "meanResTime" : 24049.729999999996,
    "medianResTime" : 25732.0,
    "minResTime" : 2911.0,
    "maxResTime" : 37969.0,
    "pct1ResTime" : 35746.0,
    "pct2ResTime" : 36965.5,
    "pct3ResTime" : 37966.31,
    "throughput" : 2.013977000382656,
    "receivedKBytesPerSec" : 0.767042021630113,
    "sentKBytesPerSec" : 0.5644642569431857
  }
}