{
  "Restaurant Search" : {
    "transaction" : "Restaurant Search",
    "sampleCount" : 200,
    "errorCount" : 0,
    "errorPct" : 0.0,
    "meanResTime" : 4.365000000000004,
    "medianResTime" : 4.0,
    "minResTime" : 2.0,
    "maxResTime" : 69.0,
    "pct1ResTime" : 5.0,
    "pct2ResTime" : 8.899999999999977,
    "pct3ResTime" : 14.970000000000027,
    "throughput" : 4.055232263427888,
    "receivedKBytesPerSec" : 19.345517194184797,
    "sentKBytesPerSec" : 1.6830797968328635
  },
  "Total" : {
    "transaction" : "Total",
    "sampleCount" : 600,
    "errorCount" : 100,
    "errorPct" : 16.666666,
    "meanResTime" : 72.15833333333335,
    "medianResTime" : 5.0,
    "minResTime" : 2.0,
    "maxResTime" : 760.0,
    "pct1ResTime" : 198.0,
    "pct2ResTime" : 205.0,
    "pct3ResTime" : 352.5600000000004,
    "throughput" : 12.028145861315478,
    "receivedKBytesPerSec" : 21.844083906340835,
    "sentKBytesPerSec" : 4.794265456167431
  },
  "Create Review (Kafka Flow)" : {
    "transaction" : "Create Review (Kafka Flow)",
    "sampleCount" : 200,
    "errorCount" : 100,
    "errorPct" : 50.0,
    "meanResTime" : 5.01,
    "medianResTime" : 4.0,
    "minResTime" : 3.0,
    "maxResTime" : 42.0,
    "pct1ResTime" : 6.0,
    "pct2ResTime" : 8.949999999999989,
    "pct3ResTime" : 14.970000000000027,
    "throughput" : 4.060501471931784,
    "receivedKBytesPerSec" : 1.2054613744797482,
    "sentKBytesPerSec" : 2.0360401228301694
  },
  "User Login" : {
    "transaction" : "User Login",
    "sampleCount" : 200,
    "errorCount" : 0,
    "errorPct" : 0.0,
    "meanResTime" : 207.09999999999997,
    "medianResTime" : 194.5,
    "minResTime" : 185.0,
    "maxResTime" : 760.0,
    "pct1ResTime" : 210.0,
    "pct2ResTime" : 241.84999999999997,
    "pct3ResTime" : 534.6800000000003,
    "throughput" : 4.010185872115173,
    "receivedKBytesPerSec" : 1.5273168848876146,
    "sentKBytesPerSec" : 1.1200323822509173
  }
}