{
  "Restaurant Search" : {
    "transaction" : "Restaurant Search",
    "sampleCount" : 200,
    "errorCount" : 0,
    "errorPct" : 0.0,
    "meanResTime" : 396.5999999999999,
    "medianResTime" : 422.5,
    "minResTime" : 92.0,
    "maxResTime" : 586.0,
    "pct1ResTime" : 547.0,
    "pct2ResTime" : 556.95,
    "pct3ResTime" : 571.95,
    "throughput" : 2.499156534669549,
    "receivedKBytesPerSec" : 12.947290445724567,
    "sentKBytesPerSec" : 1.0396881677433867
  },
  "Total" : {
    "transaction" : "Total",
    "sampleCount" : 600,
    "errorCount" : 100,
    "errorPct" : 16.666666,
    "meanResTime" : 17607.171666666654,
    "medianResTime" : 554.0,
    "minResTime" : 60.0,
    "maxResTime" : 76754.0,
    "pct1ResTime" : 62122.2,
    "pct2ResTime" : 69590.74999999999,
    "pct3ResTime" : 75505.85,
    "throughput" : 6.181679562337087,
    "receivedKBytesPerSec" : 12.071580629707091,
    "sentKBytesPerSec" : 2.4699753891882423
  },
  "Create Review (Kafka Flow)" : {
    "transaction" : "Create Review (Kafka Flow)",
    "sampleCount" : 200,
    "errorCount" : 100,
    "errorPct" : 50.0,
    "meanResTime" : 394.6449999999999,
    "medianResTime" : 435.5,
    "minResTime" : 60.0,
    "maxResTime" : 694.0,
    "pct1ResTime" : 634.0,
    "pct2ResTime" : 662.9,
    "pct3ResTime" : 692.97,
    "throughput" : 2.4873456291118936,
    "receivedKBytesPerSec" : 0.7384307336425934,
    "sentKBytesPerSec" : 1.2496482737821335
  },
  "User Login" : {
    "transaction" : "User Login",
    "sampleCount" : 200,
    "errorCount" : 0,
    "errorPct" : 0.0,
    "meanResTime" : 52030.27000000001,
    "medianResTime" : 52044.0,
    "minResTime" : 16029.0,
    "maxResTime" : 76754.0,
    "pct1ResTime" : 72066.5,
    "pct2ResTime" : 74544.4,
    "pct3ResTime" : 76501.44,
    "throughput" : 2.0855274820383944,
    "receivedKBytesPerSec" : 0.7942926933544666,
    "sentKBytesPerSec" : 0.5845179563916203
  }
}